Task ID,Filename
JHYD257VDUM4M67I2DNVT2JL,S2B_MSIL1C_20251007T101809_N0511_R065_T32TLR_20251007T153500
VY6T5MJZBDJA6PDK2Y5CHWA6,S2B_MSIL1C_20251007T101809_N0511_R065_T32TLS_20251007T153500
WTKVBMZ4GKKA33YKZMSCYEL6,S2B_MSIL1C_20251007T101809_N0511_R065_T32TMR_20251007T153500
DSICZ6OUWKRYV5JNB5HQ5VXY,S2B_MSIL1C_20251007T101809_N0511_R065_T32TMS_20251007T153500
Q7YRSS5ZC2LBZJM4WASPKHFK,S2B_MSIL1C_20251007T101809_N0511_R065_T32TMT_20251007T153500
QNMR7BHF6YLRVCMTZZIMGFKD,S2B_MSIL1C_20251007T101809_N0511_R065_T32TNR_20251007T153500
LMVX6E7DVDAIJW5UW4RPV6UH,S2B_MSIL1C_20251007T101809_N0511_R065_T32TNS_20251007T153500
RCUKBNZ7OLPJUCMTZL6LHZNF,S2B_MSIL1C_20251007T101809_N0511_R065_T32TNT_20251007T153500
HOUL3VTWL4IOGVNTNXTWRKQL,S2B_MSIL1C_20251007T101809_N0511_R065_T32TPS_20251007T153500
VJZT2NWJ6LJKXXQF7WICLWYA,S2B_MSIL1C_20251007T101809_N0511_R065_T32TPT_20251007T153500
FPRVJWG6FMIIZF3HM5CUXYHZ,S2B_MSIL1C_20251007T101809_N0511_R065_T32UMU_20251007T153500
